url_original_404,path,url_sugerida,accion
https://tripseuropa.com/argentina,/argentina,http://localhost:5000/,corregir_en_sitemap
https://tripseuropa.com/blog/post/consejos-primera-vez-europa,/blog/post/consejos-primera-vez-europa,http://localhost:5000/blog,corregir_en_sitemap
https://tripseuropa.com/blog/post/documentos-necesarios-viajar-europa,/blog/post/documentos-necesarios-viajar-europa,http://localhost:5000/blog,corregir_en_sitemap
https://tripseuropa.com/blog/post/mejor-epoca-visitar-europa,/blog/post/mejor-epoca-visitar-europa,http://localhost:5000/blog,corregir_en_sitemap
https://tripseuropa.com/blog/post/mejores-destinos-europa,/blog/post/mejores-destinos-europa,http://localhost:5000/blog,corregir_en_sitemap
https://tripseuropa.com/blog/post/presupuesto-viaje-europa,/blog/post/presupuesto-viaje-europa,http://localhost:5000/blog,corregir_en_sitemap
https://tripseuropa.com/blog/post/visa-schengen-guia-completa,/blog/post/visa-schengen-guia-completa,http://localhost:5000/blog,corregir_en_sitemap
https://tripseuropa.com/brasil,/brasil,http://localhost:5000/,corregir_en_sitemap
https://tripseuropa.com/chile,/chile,http://localhost:5000/,corregir_en_sitemap
https://tripseuropa.com/colombia,/colombia,http://localhost:5000/,corregir_en_sitemap
https://tripseuropa.com/costa-rica,/costa-rica,http://localhost:5000/,corregir_en_sitemap
https://tripseuropa.com/destination/alemania,/destination/alemania,http://localhost:5000/,corregir_en_sitemap
https://tripseuropa.com/destination/austria,/destination/austria,http://localhost:5000/,corregir_en_sitemap
https://tripseuropa.com/destination/belgica,/destination/belgica,http://localhost:5000/,corregir_en_sitemap
https://tripseuropa.com/destination/croacia,/destination/croacia,http://localhost:5000/,corregir_en_sitemap
https://tripseuropa.com/destination/espana,/destination/espana,http://localhost:5000/,corregir_en_sitemap
https://tripseuropa.com/destination/francia,/destination/francia,http://localhost:5000/,corregir_en_sitemap
https://tripseuropa.com/destination/grecia,/destination/grecia,http://localhost:5000/,corregir_en_sitemap
https://tripseuropa.com/destination/hungria,/destination/hungria,http://localhost:5000/,corregir_en_sitemap
https://tripseuropa.com/destination/italia,/destination/italia,http://localhost:5000/,corregir_en_sitemap
https://tripseuropa.com/destination/paises-bajos,/destination/paises-bajos,http://localhost:5000/,corregir_en_sitemap
https://tripseuropa.com/destination/polonia,/destination/polonia,http://localhost:5000/,corregir_en_sitemap
https://tripseuropa.com/destination/portugal,/destination/portugal,http://localhost:5000/,corregir_en_sitemap
https://tripseuropa.com/destination/reino-unido,/destination/reino-unido,http://localhost:5000/,corregir_en_sitemap
https://tripseuropa.com/destination/republica-checa,/destination/republica-checa,http://localhost:5000/,corregir_en_sitemap
https://tripseuropa.com/destination/suiza,/destination/suiza,http://localhost:5000/,corregir_en_sitemap
https://tripseuropa.com/destination/turquia,/destination/turquia,http://localhost:5000/,corregir_en_sitemap
https://tripseuropa.com/destinations/croatia,/destinations/croatia,http://localhost:5000/destinos,redireccion_301
https://tripseuropa.com/destinations/france,/destinations/france,http://localhost:5000/destinos,redireccion_301
https://tripseuropa.com/destinations/germany,/destinations/germany,http://localhost:5000/destinos,redireccion_301
https://tripseuropa.com/destinations/greece,/destinations/greece,http://localhost:5000/destinos,redireccion_301
https://tripseuropa.com/destinations/italy,/destinations/italy,http://localhost:5000/destinos,redireccion_301
https://tripseuropa.com/destinations/netherlands,/destinations/netherlands,http://localhost:5000/destinos,redireccion_301
https://tripseuropa.com/destinations/portugal,/destinations/portugal,http://localhost:5000/destinos,redireccion_301
https://tripseuropa.com/destinations/spain,/destinations/spain,http://localhost:5000/destinos,redireccion_301
https://tripseuropa.com/destinations/switzerland,/destinations/switzerland,http://localhost:5000/destinos,redireccion_301
https://tripseuropa.com/destinations/united-kingdom,/destinations/united-kingdom,http://localhost:5000/destinos,redireccion_301
https://tripseuropa.com/destinos/albania,/destinos/albania,http://localhost:5000/destinos,redireccion_301
https://tripseuropa.com/destinos/amsterdam,/destinos/amsterdam,http://localhost:5000/destinos,redireccion_301
https://tripseuropa.com/destinos/atenas,/destinos/atenas,http://localhost:5000/destinos,redireccion_301
https://tripseuropa.com/destinos/austria,/destinos/austria,http://localhost:5000/destinos,redireccion_301
https://tripseuropa.com/destinos/baltics,/destinos/baltics,http://localhost:5000/destinos,redireccion_301
https://tripseuropa.com/destinos/barcelona,/destinos/barcelona,http://localhost:5000/destinos,redireccion_301
https://tripseuropa.com/destinos/belgium,/destinos/belgium,http://localhost:5000/destinos,redireccion_301
https://tripseuropa.com/destinos/berlin,/destinos/berlin,http://localhost:5000/destinos,redireccion_301
https://tripseuropa.com/destinos/bruselas,/destinos/bruselas,http://localhost:5000/destinos,redireccion_301
https://tripseuropa.com/destinos/budapest,/destinos/budapest,http://localhost:5000/destinos,redireccion_301
https://tripseuropa.com/destinos/cinque-terre,/destinos/cinque-terre,http://localhost:5000/destinos,redireccion_301
https://tripseuropa.com/destinos/copenhague,/destinos/copenhague,http://localhost:5000/destinos,redireccion_301
https://tripseuropa.com/destinos/costa-amalfitana,/destinos/costa-amalfitana,http://localhost:5000/destinos,redireccion_301
https://tripseuropa.com/destinos/croatia,/destinos/croatia,http://localhost:5000/destinos,redireccion_301
https://tripseuropa.com/destinos/cyprus,/destinos/cyprus,http://localhost:5000/destinos,redireccion_301
https://tripseuropa.com/destinos/czech-republic,/destinos/czech-republic,http://localhost:5000/destinos,redireccion_301
https://tripseuropa.com/destinos/denmark,/destinos/denmark,http://localhost:5000/destinos,redireccion_301
https://tripseuropa.com/destinos/dublin,/destinos/dublin,http://localhost:5000/destinos,redireccion_301
https://tripseuropa.com/destinos/dubrovnik,/destinos/dubrovnik,http://localhost:5000/destinos,redireccion_301
https://tripseuropa.com/destinos/edimburgo,/destinos/edimburgo,http://localhost:5000/destinos,redireccion_301
https://tripseuropa.com/destinos/estocolmo,/destinos/estocolmo,http://localhost:5000/destinos,redireccion_301
https://tripseuropa.com/destinos/finland,/destinos/finland,http://localhost:5000/destinos,redireccion_301
https://tripseuropa.com/destinos/florencia,/destinos/florencia,http://localhost:5000/destinos,redireccion_301
https://tripseuropa.com/destinos/france,/destinos/france,http://localhost:5000/destinos,redireccion_301
https://tripseuropa.com/destinos/germany,/destinos/germany,http://localhost:5000/destinos,redireccion_301
https://tripseuropa.com/destinos/greece,/destinos/greece,http://localhost:5000/destinos,redireccion_301
https://tripseuropa.com/destinos/helsinki,/destinos/helsinki,http://localhost:5000/destinos,redireccion_301
https://tripseuropa.com/destinos/hungary,/destinos/hungary,http://localhost:5000/destinos,redireccion_301
https://tripseuropa.com/destinos/ibiza,/destinos/ibiza,http://localhost:5000/destinos,redireccion_301
https://tripseuropa.com/destinos/iceland,/destinos/iceland,http://localhost:5000/destinos,redireccion_301
https://tripseuropa.com/destinos/ireland,/destinos/ireland,http://localhost:5000/destinos,redireccion_301
https://tripseuropa.com/destinos/italy,/destinos/italy,http://localhost:5000/destinos,redireccion_301
https://tripseuropa.com/destinos/lisboa,/destinos/lisboa,http://localhost:5000/destinos,redireccion_301
https://tripseuropa.com/destinos/londres,/destinos/londres,http://localhost:5000/destinos,redireccion_301
https://tripseuropa.com/destinos/madrid,/destinos/madrid,http://localhost:5000/destinos,redireccion_301
https://tripseuropa.com/destinos/malta,/destinos/malta,http://localhost:5000/destinos,redireccion_301
https://tripseuropa.com/destinos/milan,/destinos/milan,http://localhost:5000/destinos,redireccion_301
https://tripseuropa.com/destinos/munich,/destinos/munich,http://localhost:5000/destinos,redireccion_301
https://tripseuropa.com/destinos/mykonos,/destinos/mykonos,http://localhost:5000/destinos,redireccion_301
https://tripseuropa.com/destinos/netherlands,/destinos/netherlands,http://localhost:5000/destinos,redireccion_301
https://tripseuropa.com/destinos/niza,/destinos/niza,http://localhost:5000/destinos,redireccion_301
https://tripseuropa.com/destinos/norway,/destinos/norway,http://localhost:5000/destinos,redireccion_301
https://tripseuropa.com/destinos/oslo,/destinos/oslo,http://localhost:5000/destinos,redireccion_301
https://tripseuropa.com/destinos/paris,/destinos/paris,http://localhost:5000/destinos,redireccion_301
https://tripseuropa.com/destinos/poland,/destinos/poland,http://localhost:5000/destinos,redireccion_301
https://tripseuropa.com/destinos/porto,/destinos/porto,http://localhost:5000/destinos,redireccion_301
https://tripseuropa.com/destinos/portugal,/destinos/portugal,http://localhost:5000/destinos,redireccion_301
https://tripseuropa.com/destinos/praga,/destinos/praga,http://localhost:5000/destinos,redireccion_301
https://tripseuropa.com/destinos/reykjavik,/destinos/reykjavik,http://localhost:5000/destinos,redireccion_301
https://tripseuropa.com/destinos/roma,/destinos/roma,http://localhost:5000/destinos,redireccion_301
https://tripseuropa.com/destinos/romania,/destinos/romania,http://localhost:5000/destinos,redireccion_301
https://tripseuropa.com/destinos/santorini,/destinos/santorini,http://localhost:5000/destinos,redireccion_301
https://tripseuropa.com/destinos/scotland,/destinos/scotland,http://localhost:5000/destinos,redireccion_301
https://tripseuropa.com/destinos/sevilla,/destinos/sevilla,http://localhost:5000/destinos,redireccion_301
https://tripseuropa.com/destinos/spain,/destinos/spain,http://localhost:5000/destinos,redireccion_301
https://tripseuropa.com/destinos/split,/destinos/split,http://localhost:5000/destinos,redireccion_301
https://tripseuropa.com/destinos/sweden,/destinos/sweden,http://localhost:5000/destinos,redireccion_301
https://tripseuropa.com/destinos/switzerland,/destinos/switzerland,http://localhost:5000/destinos,redireccion_301
https://tripseuropa.com/destinos/united-kingdom,/destinos/united-kingdom,http://localhost:5000/destinos,redireccion_301
https://tripseuropa.com/destinos/varsovia,/destinos/varsovia,http://localhost:5000/destinos,redireccion_301
https://tripseuropa.com/destinos/venecia,/destinos/venecia,http://localhost:5000/destinos,redireccion_301
https://tripseuropa.com/destinos/viena,/destinos/viena,http://localhost:5000/destinos,redireccion_301
https://tripseuropa.com/destinos/zurich,/destinos/zurich,http://localhost:5000/destinos,redireccion_301
https://tripseuropa.com/ecuador,/ecuador,http://localhost:5000/,corregir_en_sitemap
https://tripseuropa.com/en-ar/destinations/albania,/en-ar/destinations/albania,http://localhost:5000/destinos,redireccion_301
https://tripseuropa.com/en-ar/destinations/austria,/en-ar/destinations/austria,http://localhost:5000/destinos,redireccion_301
https://tripseuropa.com/en-ar/destinations/baltics,/en-ar/destinations/baltics,http://localhost:5000/destinos,redireccion_301
https://tripseuropa.com/en-ar/destinations/belgium,/en-ar/destinations/belgium,http://localhost:5000/destinos,redireccion_301
https://tripseuropa.com/en-ar/destinations/croatia,/en-ar/destinations/croatia,http://localhost:5000/destinos,redireccion_301
https://tripseuropa.com/en-ar/destinations/cyprus,/en-ar/destinations/cyprus,http://localhost:5000/destinos,redireccion_301
https://tripseuropa.com/en-ar/destinations/czech-republic,/en-ar/destinations/czech-republic,http://localhost:5000/destinos,redireccion_301
https://tripseuropa.com/en-ar/destinations/denmark,/en-ar/destinations/denmark,http://localhost:5000/destinos,redireccion_301
https://tripseuropa.com/en-ar/destinations/finland,/en-ar/destinations/finland,http://localhost:5000/destinos,redireccion_301
https://tripseuropa.com/en-ar/destinations/france,/en-ar/destinations/france,http://localhost:5000/destinos,redireccion_301
https://tripseuropa.com/en-ar/destinations/germany,/en-ar/destinations/germany,http://localhost:5000/destinos,redireccion_301
https://tripseuropa.com/en-ar/destinations/greece,/en-ar/destinations/greece,http://localhost:5000/destinos,redireccion_301
https://tripseuropa.com/en-ar/destinations/hungary,/en-ar/destinations/hungary,http://localhost:5000/destinos,redireccion_301
https://tripseuropa.com/en-ar/destinations/iceland,/en-ar/destinations/iceland,http://localhost:5000/destinos,redireccion_301
https://tripseuropa.com/en-ar/destinations/ireland,/en-ar/destinations/ireland,http://localhost:5000/destinos,redireccion_301
https://tripseuropa.com/en-ar/destinations/italy,/en-ar/destinations/italy,http://localhost:5000/destinos,redireccion_301
https://tripseuropa.com/en-ar/destinations/malta,/en-ar/destinations/malta,http://localhost:5000/destinos,redireccion_301
https://tripseuropa.com/en-ar/destinations/netherlands,/en-ar/destinations/netherlands,http://localhost:5000/destinos,redireccion_301
https://tripseuropa.com/en-ar/destinations/norway,/en-ar/destinations/norway,http://localhost:5000/destinos,redireccion_301
https://tripseuropa.com/en-ar/destinations/poland,/en-ar/destinations/poland,http://localhost:5000/destinos,redireccion_301
https://tripseuropa.com/en-ar/destinations/portugal,/en-ar/destinations/portugal,http://localhost:5000/destinos,redireccion_301
https://tripseuropa.com/en-ar/destinations/romania,/en-ar/destinations/romania,http://localhost:5000/destinos,redireccion_301
https://tripseuropa.com/en-ar/destinations/scotland,/en-ar/destinations/scotland,http://localhost:5000/destinos,redireccion_301
https://tripseuropa.com/en-ar/destinations/spain,/en-ar/destinations/spain,http://localhost:5000/destinos,redireccion_301
https://tripseuropa.com/en-ar/destinations/sweden,/en-ar/destinations/sweden,http://localhost:5000/destinos,redireccion_301
https://tripseuropa.com/en-ar/destinations/switzerland,/en-ar/destinations/switzerland,http://localhost:5000/destinos,redireccion_301
https://tripseuropa.com/en-ar/destinations/united-kingdom,/en-ar/destinations/united-kingdom,http://localhost:5000/destinos,redireccion_301
https://tripseuropa.com/en-br,/en-br,http://localhost:5000/,corregir_en_sitemap
https://tripseuropa.com/en-br/blog,/en-br/blog,http://localhost:5000/,corregir_en_sitemap
https://tripseuropa.com/en-br/contact,/en-br/contact,http://localhost:5000/,corregir_en_sitemap
https://tripseuropa.com/en-br/destinations,/en-br/destinations,http://localhost:5000/,corregir_en_sitemap
https://tripseuropa.com/en-br/europe-15-days,/en-br/europe-15-days,http://localhost:5000/,corregir_en_sitemap
https://tripseuropa.com/en-br/europe-trips-from-brazil,/en-br/europe-trips-from-brazil,http://localhost:5000/,corregir_en_sitemap
https://tripseuropa.com/en-br/family-trip-europe,/en-br/family-trip-europe,http://localhost:5000/,corregir_en_sitemap
https://tripseuropa.com/en-br/flight-deals-europe,/en-br/flight-deals-europe,http://localhost:5000/,corregir_en_sitemap
https://tripseuropa.com/en-br/flights-rio-janeiro-lisbon,/en-br/flights-rio-janeiro-lisbon,http://localhost:5000/,corregir_en_sitemap
https://tripseuropa.com/en-br/flights-sao-paulo-lisbon,/en-br/flights-sao-paulo-lisbon,http://localhost:5000/,corregir_en_sitemap
https://tripseuropa.com/en-br/flights-sao-paulo-madrid,/en-br/flights-sao-paulo-madrid,http://localhost:5000/,corregir_en_sitemap
https://tripseuropa.com/en-br/flights-sao-paulo-paris,/en-br/flights-sao-paulo-paris,http://localhost:5000/,corregir_en_sitemap
https://tripseuropa.com/en-br/honeymoon-europe,/en-br/honeymoon-europe,http://localhost:5000/,corregir_en_sitemap
https://tripseuropa.com/en-br/hotels-europe,/en-br/hotels-europe,http://localhost:5000/,corregir_en_sitemap
https://tripseuropa.com/en-br/packages,/en-br/packages,http://localhost:5000/,corregir_en_sitemap
https://tripseuropa.com/en-br/schengen-visa-brazilians,/en-br/schengen-visa-brazilians,http://localhost:5000/,corregir_en_sitemap
https://tripseuropa.com/en-br/travel-insurance-europe,/en-br/travel-insurance-europe,http://localhost:5000/,corregir_en_sitemap
https://tripseuropa.com/en-co/destinations/albania,/en-co/destinations/albania,http://localhost:5000/destinos,redireccion_301
https://tripseuropa.com/en-co/destinations/austria,/en-co/destinations/austria,http://localhost:5000/destinos,redireccion_301
https://tripseuropa.com/en-co/destinations/baltics,/en-co/destinations/baltics,http://localhost:5000/destinos,redireccion_301
https://tripseuropa.com/en-co/destinations/belgium,/en-co/destinations/belgium,http://localhost:5000/destinos,redireccion_301
https://tripseuropa.com/en-co/destinations/croatia,/en-co/destinations/croatia,http://localhost:5000/destinos,redireccion_301
https://tripseuropa.com/en-co/destinations/cyprus,/en-co/destinations/cyprus,http://localhost:5000/destinos,redireccion_301
https://tripseuropa.com/en-co/destinations/czech-republic,/en-co/destinations/czech-republic,http://localhost:5000/destinos,redireccion_301
https://tripseuropa.com/en-co/destinations/denmark,/en-co/destinations/denmark,http://localhost:5000/destinos,redireccion_301
https://tripseuropa.com/en-co/destinations/finland,/en-co/destinations/finland,http://localhost:5000/destinos,redireccion_301
https://tripseuropa.com/en-co/destinations/france,/en-co/destinations/france,http://localhost:5000/destinos,redireccion_301
https://tripseuropa.com/en-co/destinations/germany,/en-co/destinations/germany,http://localhost:5000/destinos,redireccion_301
https://tripseuropa.com/en-co/destinations/greece,/en-co/destinations/greece,http://localhost:5000/destinos,redireccion_301
https://tripseuropa.com/en-co/destinations/hungary,/en-co/destinations/hungary,http://localhost:5000/destinos,redireccion_301
https://tripseuropa.com/en-co/destinations/iceland,/en-co/destinations/iceland,http://localhost:5000/destinos,redireccion_301
https://tripseuropa.com/en-co/destinations/ireland,/en-co/destinations/ireland,http://localhost:5000/destinos,redireccion_301
https://tripseuropa.com/en-co/destinations/italy,/en-co/destinations/italy,http://localhost:5000/destinos,redireccion_301
https://tripseuropa.com/en-co/destinations/malta,/en-co/destinations/malta,http://localhost:5000/destinos,redireccion_301
https://tripseuropa.com/en-co/destinations/netherlands,/en-co/destinations/netherlands,http://localhost:5000/destinos,redireccion_301
https://tripseuropa.com/en-co/destinations/norway,/en-co/destinations/norway,http://localhost:5000/destinos,redireccion_301
https://tripseuropa.com/en-co/destinations/poland,/en-co/destinations/poland,http://localhost:5000/destinos,redireccion_301
https://tripseuropa.com/en-co/destinations/portugal,/en-co/destinations/portugal,http://localhost:5000/destinos,redireccion_301
https://tripseuropa.com/en-co/destinations/romania,/en-co/destinations/romania,http://localhost:5000/destinos,redireccion_301
https://tripseuropa.com/en-co/destinations/scotland,/en-co/destinations/scotland,http://localhost:5000/destinos,redireccion_301
https://tripseuropa.com/en-co/destinations/spain,/en-co/destinations/spain,http://localhost:5000/destinos,redireccion_301
https://tripseuropa.com/en-co/destinations/sweden,/en-co/destinations/sweden,http://localhost:5000/destinos,redireccion_301
https://tripseuropa.com/en-co/destinations/switzerland,/en-co/destinations/switzerland,http://localhost:5000/destinos,redireccion_301
https://tripseuropa.com/en-co/destinations/united-kingdom,/en-co/destinations/united-kingdom,http://localhost:5000/destinos,redireccion_301
https://tripseuropa.com/en-mx/destinations/albania,/en-mx/destinations/albania,http://localhost:5000/destinos,redireccion_301
https://tripseuropa.com/en-mx/destinations/austria,/en-mx/destinations/austria,http://localhost:5000/destinos,redireccion_301
https://tripseuropa.com/en-mx/destinations/baltics,/en-mx/destinations/baltics,http://localhost:5000/destinos,redireccion_301
https://tripseuropa.com/en-mx/destinations/belgium,/en-mx/destinations/belgium,http://localhost:5000/destinos,redireccion_301
https://tripseuropa.com/en-mx/destinations/croatia,/en-mx/destinations/croatia,http://localhost:5000/destinos,redireccion_301
https://tripseuropa.com/en-mx/destinations/cyprus,/en-mx/destinations/cyprus,http://localhost:5000/destinos,redireccion_301
https://tripseuropa.com/en-mx/destinations/czech-republic,/en-mx/destinations/czech-republic,http://localhost:5000/destinos,redireccion_301
https://tripseuropa.com/en-mx/destinations/denmark,/en-mx/destinations/denmark,http://localhost:5000/destinos,redireccion_301
https://tripseuropa.com/en-mx/destinations/finland,/en-mx/destinations/finland,http://localhost:5000/destinos,redireccion_301
https://tripseuropa.com/en-mx/destinations/france,/en-mx/destinations/france,http://localhost:5000/destinos,redireccion_301
https://tripseuropa.com/en-mx/destinations/germany,/en-mx/destinations/germany,http://localhost:5000/destinos,redireccion_301
https://tripseuropa.com/en-mx/destinations/greece,/en-mx/destinations/greece,http://localhost:5000/destinos,redireccion_301
https://tripseuropa.com/en-mx/destinations/hungary,/en-mx/destinations/hungary,http://localhost:5000/destinos,redireccion_301
https://tripseuropa.com/en-mx/destinations/iceland,/en-mx/destinations/iceland,http://localhost:5000/destinos,redireccion_301
https://tripseuropa.com/en-mx/destinations/ireland,/en-mx/destinations/ireland,http://localhost:5000/destinos,redireccion_301
https://tripseuropa.com/en-mx/destinations/italy,/en-mx/destinations/italy,http://localhost:5000/destinos,redireccion_301
https://tripseuropa.com/en-mx/destinations/malta,/en-mx/destinations/malta,http://localhost:5000/destinos,redireccion_301
https://tripseuropa.com/en-mx/destinations/netherlands,/en-mx/destinations/netherlands,http://localhost:5000/destinos,redireccion_301
https://tripseuropa.com/en-mx/destinations/norway,/en-mx/destinations/norway,http://localhost:5000/destinos,redireccion_301
https://tripseuropa.com/en-mx/destinations/poland,/en-mx/destinations/poland,http://localhost:5000/destinos,redireccion_301
https://tripseuropa.com/en-mx/destinations/portugal,/en-mx/destinations/portugal,http://localhost:5000/destinos,redireccion_301
https://tripseuropa.com/en-mx/destinations/romania,/en-mx/destinations/romania,http://localhost:5000/destinos,redireccion_301
https://tripseuropa.com/en-mx/destinations/scotland,/en-mx/destinations/scotland,http://localhost:5000/destinos,redireccion_301
https://tripseuropa.com/en-mx/destinations/spain,/en-mx/destinations/spain,http://localhost:5000/destinos,redireccion_301
https://tripseuropa.com/en-mx/destinations/sweden,/en-mx/destinations/sweden,http://localhost:5000/destinos,redireccion_301
https://tripseuropa.com/en-mx/destinations/switzerland,/en-mx/destinations/switzerland,http://localhost:5000/destinos,redireccion_301
https://tripseuropa.com/en-mx/destinations/united-kingdom,/en-mx/destinations/united-kingdom,http://localhost:5000/destinos,redireccion_301
https://tripseuropa.com/en/destinations/albania,/en/destinations/albania,http://localhost:5000/destinos,redireccion_301
https://tripseuropa.com/en/destinations/amsterdam,/en/destinations/amsterdam,http://localhost:5000/destinos,redireccion_301
https://tripseuropa.com/en/destinations/atenas,/en/destinations/atenas,http://localhost:5000/destinos,redireccion_301
https://tripseuropa.com/en/destinations/austria,/en/destinations/austria,http://localhost:5000/destinos,redireccion_301
https://tripseuropa.com/en/destinations/baltics,/en/destinations/baltics,http://localhost:5000/destinos,redireccion_301
https://tripseuropa.com/en/destinations/barcelona,/en/destinations/barcelona,http://localhost:5000/destinos,redireccion_301
https://tripseuropa.com/en/destinations/belgium,/en/destinations/belgium,http://localhost:5000/destinos,redireccion_301
https://tripseuropa.com/en/destinations/berlin,/en/destinations/berlin,http://localhost:5000/destinos,redireccion_301
https://tripseuropa.com/en/destinations/bruselas,/en/destinations/bruselas,http://localhost:5000/destinos,redireccion_301
https://tripseuropa.com/en/destinations/budapest,/en/destinations/budapest,http://localhost:5000/destinos,redireccion_301
https://tripseuropa.com/en/destinations/cinque-terre,/en/destinations/cinque-terre,http://localhost:5000/destinos,redireccion_301
https://tripseuropa.com/en/destinations/copenhague,/en/destinations/copenhague,http://localhost:5000/destinos,redireccion_301
https://tripseuropa.com/en/destinations/costa-amalfitana,/en/destinations/costa-amalfitana,http://localhost:5000/destinos,redireccion_301
https://tripseuropa.com/en/destinations/croatia,/en/destinations/croatia,http://localhost:5000/destinos,redireccion_301
https://tripseuropa.com/en/destinations/cyprus,/en/destinations/cyprus,http://localhost:5000/destinos,redireccion_301
https://tripseuropa.com/en/destinations/czech-republic,/en/destinations/czech-republic,http://localhost:5000/destinos,redireccion_301
https://tripseuropa.com/en/destinations/denmark,/en/destinations/denmark,http://localhost:5000/destinos,redireccion_301
https://tripseuropa.com/en/destinations/dublin,/en/destinations/dublin,http://localhost:5000/destinos,redireccion_301
https://tripseuropa.com/en/destinations/dubrovnik,/en/destinations/dubrovnik,http://localhost:5000/destinos,redireccion_301
https://tripseuropa.com/en/destinations/edimburgo,/en/destinations/edimburgo,http://localhost:5000/destinos,redireccion_301
https://tripseuropa.com/en/destinations/estocolmo,/en/destinations/estocolmo,http://localhost:5000/destinos,redireccion_301
https://tripseuropa.com/en/destinations/finland,/en/destinations/finland,http://localhost:5000/destinos,redireccion_301
https://tripseuropa.com/en/destinations/florencia,/en/destinations/florencia,http://localhost:5000/destinos,redireccion_301
https://tripseuropa.com/en/destinations/france,/en/destinations/france,http://localhost:5000/destinos,redireccion_301
https://tripseuropa.com/en/destinations/germany,/en/destinations/germany,http://localhost:5000/destinos,redireccion_301
https://tripseuropa.com/en/destinations/greece,/en/destinations/greece,http://localhost:5000/destinos,redireccion_301
https://tripseuropa.com/en/destinations/helsinki,/en/destinations/helsinki,http://localhost:5000/destinos,redireccion_301
https://tripseuropa.com/en/destinations/hungary,/en/destinations/hungary,http://localhost:5000/destinos,redireccion_301
https://tripseuropa.com/en/destinations/ibiza,/en/destinations/ibiza,http://localhost:5000/destinos,redireccion_301
https://tripseuropa.com/en/destinations/iceland,/en/destinations/iceland,http://localhost:5000/destinos,redireccion_301
https://tripseuropa.com/en/destinations/ireland,/en/destinations/ireland,http://localhost:5000/destinos,redireccion_301
https://tripseuropa.com/en/destinations/italy,/en/destinations/italy,http://localhost:5000/destinos,redireccion_301
https://tripseuropa.com/en/destinations/lisboa,/en/destinations/lisboa,http://localhost:5000/destinos,redireccion_301
https://tripseuropa.com/en/destinations/londres,/en/destinations/londres,http://localhost:5000/destinos,redireccion_301
https://tripseuropa.com/en/destinations/madrid,/en/destinations/madrid,http://localhost:5000/destinos,redireccion_301
https://tripseuropa.com/en/destinations/malta,/en/destinations/malta,http://localhost:5000/destinos,redireccion_301
https://tripseuropa.com/en/destinations/milan,/en/destinations/milan,http://localhost:5000/destinos,redireccion_301
https://tripseuropa.com/en/destinations/munich,/en/destinations/munich,http://localhost:5000/destinos,redireccion_301
https://tripseuropa.com/en/destinations/mykonos,/en/destinations/mykonos,http://localhost:5000/destinos,redireccion_301
https://tripseuropa.com/en/destinations/netherlands,/en/destinations/netherlands,http://localhost:5000/destinos,redireccion_301
https://tripseuropa.com/en/destinations/niza,/en/destinations/niza,http://localhost:5000/destinos,redireccion_301
https://tripseuropa.com/en/destinations/norway,/en/destinations/norway,http://localhost:5000/destinos,redireccion_301
https://tripseuropa.com/en/destinations/oslo,/en/destinations/oslo,http://localhost:5000/destinos,redireccion_301
https://tripseuropa.com/en/destinations/paris,/en/destinations/paris,http://localhost:5000/destinos,redireccion_301
https://tripseuropa.com/en/destinations/poland,/en/destinations/poland,http://localhost:5000/destinos,redireccion_301
https://tripseuropa.com/en/destinations/porto,/en/destinations/porto,http://localhost:5000/destinos,redireccion_301
https://tripseuropa.com/en/destinations/portugal,/en/destinations/portugal,http://localhost:5000/destinos,redireccion_301
https://tripseuropa.com/en/destinations/praga,/en/destinations/praga,http://localhost:5000/destinos,redireccion_301
https://tripseuropa.com/en/destinations/reykjavik,/en/destinations/reykjavik,http://localhost:5000/destinos,redireccion_301
https://tripseuropa.com/en/destinations/roma,/en/destinations/roma,http://localhost:5000/destinos,redireccion_301
https://tripseuropa.com/en/destinations/romania,/en/destinations/romania,http://localhost:5000/destinos,redireccion_301
https://tripseuropa.com/en/destinations/santorini,/en/destinations/santorini,http://localhost:5000/destinos,redireccion_301
https://tripseuropa.com/en/destinations/scotland,/en/destinations/scotland,http://localhost:5000/destinos,redireccion_301
https://tripseuropa.com/en/destinations/sevilla,/en/destinations/sevilla,http://localhost:5000/destinos,redireccion_301
https://tripseuropa.com/en/destinations/spain,/en/destinations/spain,http://localhost:5000/destinos,redireccion_301
https://tripseuropa.com/en/destinations/split,/en/destinations/split,http://localhost:5000/destinos,redireccion_301
https://tripseuropa.com/en/destinations/sweden,/en/destinations/sweden,http://localhost:5000/destinos,redireccion_301
https://tripseuropa.com/en/destinations/switzerland,/en/destinations/switzerland,http://localhost:5000/destinos,redireccion_301
https://tripseuropa.com/en/destinations/united-kingdom,/en/destinations/united-kingdom,http://localhost:5000/destinos,redireccion_301
https://tripseuropa.com/en/destinations/varsovia,/en/destinations/varsovia,http://localhost:5000/destinos,redireccion_301
https://tripseuropa.com/en/destinations/venecia,/en/destinations/venecia,http://localhost:5000/destinos,redireccion_301
https://tripseuropa.com/en/destinations/viena,/en/destinations/viena,http://localhost:5000/destinos,redireccion_301
https://tripseuropa.com/en/destinations/zurich,/en/destinations/zurich,http://localhost:5000/destinos,redireccion_301
https://tripseuropa.com/es-ar/destinos/albania,/es-ar/destinos/albania,http://localhost:5000/destinos,redireccion_301
https://tripseuropa.com/es-ar/destinos/austria,/es-ar/destinos/austria,http://localhost:5000/destinos,redireccion_301
https://tripseuropa.com/es-ar/destinos/baltics,/es-ar/destinos/baltics,http://localhost:5000/destinos,redireccion_301
https://tripseuropa.com/es-ar/destinos/belgium,/es-ar/destinos/belgium,http://localhost:5000/destinos,redireccion_301
https://tripseuropa.com/es-ar/destinos/croatia,/es-ar/destinos/croatia,http://localhost:5000/destinos,redireccion_301
https://tripseuropa.com/es-ar/destinos/cyprus,/es-ar/destinos/cyprus,http://localhost:5000/destinos,redireccion_301
https://tripseuropa.com/es-ar/destinos/czech-republic,/es-ar/destinos/czech-republic,http://localhost:5000/destinos,redireccion_301
https://tripseuropa.com/es-ar/destinos/denmark,/es-ar/destinos/denmark,http://localhost:5000/destinos,redireccion_301
https://tripseuropa.com/es-ar/destinos/finland,/es-ar/destinos/finland,http://localhost:5000/destinos,redireccion_301
https://tripseuropa.com/es-ar/destinos/france,/es-ar/destinos/france,http://localhost:5000/destinos,redireccion_301
https://tripseuropa.com/es-ar/destinos/germany,/es-ar/destinos/germany,http://localhost:5000/destinos,redireccion_301
https://tripseuropa.com/es-ar/destinos/greece,/es-ar/destinos/greece,http://localhost:5000/destinos,redireccion_301
https://tripseuropa.com/es-ar/destinos/hungary,/es-ar/destinos/hungary,http://localhost:5000/destinos,redireccion_301
https://tripseuropa.com/es-ar/destinos/iceland,/es-ar/destinos/iceland,http://localhost:5000/destinos,redireccion_301
https://tripseuropa.com/es-ar/destinos/ireland,/es-ar/destinos/ireland,http://localhost:5000/destinos,redireccion_301
https://tripseuropa.com/es-ar/destinos/italy,/es-ar/destinos/italy,http://localhost:5000/destinos,redireccion_301
https://tripseuropa.com/es-ar/destinos/malta,/es-ar/destinos/malta,http://localhost:5000/destinos,redireccion_301
https://tripseuropa.com/es-ar/destinos/netherlands,/es-ar/destinos/netherlands,http://localhost:5000/destinos,redireccion_301
https://tripseuropa.com/es-ar/destinos/norway,/es-ar/destinos/norway,http://localhost:5000/destinos,redireccion_301
https://tripseuropa.com/es-ar/destinos/poland,/es-ar/destinos/poland,http://localhost:5000/destinos,redireccion_301
https://tripseuropa.com/es-ar/destinos/portugal,/es-ar/destinos/portugal,http://localhost:5000/destinos,redireccion_301
https://tripseuropa.com/es-ar/destinos/romania,/es-ar/destinos/romania,http://localhost:5000/destinos,redireccion_301
https://tripseuropa.com/es-ar/destinos/scotland,/es-ar/destinos/scotland,http://localhost:5000/destinos,redireccion_301
https://tripseuropa.com/es-ar/destinos/spain,/es-ar/destinos/spain,http://localhost:5000/destinos,redireccion_301
https://tripseuropa.com/es-ar/destinos/sweden,/es-ar/destinos/sweden,http://localhost:5000/destinos,redireccion_301
https://tripseuropa.com/es-ar/destinos/switzerland,/es-ar/destinos/switzerland,http://localhost:5000/destinos,redireccion_301
https://tripseuropa.com/es-ar/destinos/united-kingdom,/es-ar/destinos/united-kingdom,http://localhost:5000/destinos,redireccion_301
https://tripseuropa.com/es-ar/ofertas/black-friday,/es-ar/ofertas/black-friday,http://localhost:5000/ofertas,redireccion_301
https://tripseuropa.com/es-ar/ofertas/cyber-monday,/es-ar/ofertas/cyber-monday,http://localhost:5000/ofertas,redireccion_301
https://tripseuropa.com/es-ar/ofertas/ofertas-invierno,/es-ar/ofertas/ofertas-invierno,http://localhost:5000/ofertas,redireccion_301
https://tripseuropa.com/es-ar/ofertas/ofertas-ultima-hora,/es-ar/ofertas/ofertas-ultima-hora,http://localhost:5000/ofertas,redireccion_301
https://tripseuropa.com/es-ar/ofertas/ofertas-verano,/es-ar/ofertas/ofertas-verano,http://localhost:5000/ofertas,redireccion_301
https://tripseuropa.com/es-ar/ofertas/promociones-especiales,/es-ar/ofertas/promociones-especiales,http://localhost:5000/ofertas,redireccion_301
https://tripseuropa.com/es-cb/destinos/albania,/es-cb/destinos/albania,http://localhost:5000/destinos,redireccion_301
https://tripseuropa.com/es-cb/destinos/austria,/es-cb/destinos/austria,http://localhost:5000/destinos,redireccion_301
https://tripseuropa.com/es-cb/destinos/baltics,/es-cb/destinos/baltics,http://localhost:5000/destinos,redireccion_301
https://tripseuropa.com/es-cb/destinos/belgium,/es-cb/destinos/belgium,http://localhost:5000/destinos,redireccion_301
https://tripseuropa.com/es-cb/destinos/croatia,/es-cb/destinos/croatia,http://localhost:5000/destinos,redireccion_301
https://tripseuropa.com/es-cb/destinos/cyprus,/es-cb/destinos/cyprus,http://localhost:5000/destinos,redireccion_301
https://tripseuropa.com/es-cb/destinos/czech-republic,/es-cb/destinos/czech-republic,http://localhost:5000/destinos,redireccion_301
https://tripseuropa.com/es-cb/destinos/denmark,/es-cb/destinos/denmark,http://localhost:5000/destinos,redireccion_301
https://tripseuropa.com/es-cb/destinos/finland,/es-cb/destinos/finland,http://localhost:5000/destinos,redireccion_301
https://tripseuropa.com/es-cb/destinos/france,/es-cb/destinos/france,http://localhost:5000/destinos,redireccion_301
https://tripseuropa.com/es-cb/destinos/germany,/es-cb/destinos/germany,http://localhost:5000/destinos,redireccion_301
https://tripseuropa.com/es-cb/destinos/greece,/es-cb/destinos/greece,http://localhost:5000/destinos,redireccion_301
https://tripseuropa.com/es-cb/destinos/hungary,/es-cb/destinos/hungary,http://localhost:5000/destinos,redireccion_301
https://tripseuropa.com/es-cb/destinos/iceland,/es-cb/destinos/iceland,http://localhost:5000/destinos,redireccion_301
https://tripseuropa.com/es-cb/destinos/ireland,/es-cb/destinos/ireland,http://localhost:5000/destinos,redireccion_301
https://tripseuropa.com/es-cb/destinos/italy,/es-cb/destinos/italy,http://localhost:5000/destinos,redireccion_301
https://tripseuropa.com/es-cb/destinos/malta,/es-cb/destinos/malta,http://localhost:5000/destinos,redireccion_301
https://tripseuropa.com/es-cb/destinos/netherlands,/es-cb/destinos/netherlands,http://localhost:5000/destinos,redireccion_301
https://tripseuropa.com/es-cb/destinos/norway,/es-cb/destinos/norway,http://localhost:5000/destinos,redireccion_301
https://tripseuropa.com/es-cb/destinos/poland,/es-cb/destinos/poland,http://localhost:5000/destinos,redireccion_301
https://tripseuropa.com/es-cb/destinos/portugal,/es-cb/destinos/portugal,http://localhost:5000/destinos,redireccion_301
https://tripseuropa.com/es-cb/destinos/romania,/es-cb/destinos/romania,http://localhost:5000/destinos,redireccion_301
https://tripseuropa.com/es-cb/destinos/scotland,/es-cb/destinos/scotland,http://localhost:5000/destinos,redireccion_301
https://tripseuropa.com/es-cb/destinos/spain,/es-cb/destinos/spain,http://localhost:5000/destinos,redireccion_301
https://tripseuropa.com/es-cb/destinos/sweden,/es-cb/destinos/sweden,http://localhost:5000/destinos,redireccion_301
https://tripseuropa.com/es-cb/destinos/switzerland,/es-cb/destinos/switzerland,http://localhost:5000/destinos,redireccion_301
https://tripseuropa.com/es-cb/destinos/united-kingdom,/es-cb/destinos/united-kingdom,http://localhost:5000/destinos,redireccion_301
https://tripseuropa.com/es-cb/experiencias/ano-nuevo-europa,/es-cb/experiencias/ano-nuevo-europa,http://localhost:5000/experiencias,redireccion_301
https://tripseuropa.com/es-cb/experiencias/arte-cultura,/es-cb/experiencias/arte-cultura,http://localhost:5000/experiencias,redireccion_301
https://tripseuropa.com/es-cb/experiencias/aventura-naturaleza,/es-cb/experiencias/aventura-naturaleza,http://localhost:5000/experiencias,redireccion_301
https://tripseuropa.com/es-cb/experiencias/ciudades-historicas,/es-cb/experiencias/ciudades-historicas,http://localhost:5000/experiencias,redireccion_301
https://tripseuropa.com/es-cb/experiencias/gastronomia-europa,/es-cb/experiencias/gastronomia-europa,http://localhost:5000/experiencias,redireccion_301
https://tripseuropa.com/es-cb/experiencias/invierno-europa,/es-cb/experiencias/invierno-europa,http://localhost:5000/experiencias,redireccion_301
https://tripseuropa.com/es-cb/experiencias/navidad-europa,/es-cb/experiencias/navidad-europa,http://localhost:5000/experiencias,redireccion_301
https://tripseuropa.com/es-cb/experiencias/otono-europa,/es-cb/experiencias/otono-europa,http://localhost:5000/experiencias,redireccion_301
https://tripseuropa.com/es-cb/experiencias/primavera-europa,/es-cb/experiencias/primavera-europa,http://localhost:5000/experiencias,redireccion_301
https://tripseuropa.com/es-cb/experiencias/verano-europa,/es-cb/experiencias/verano-europa,http://localhost:5000/experiencias,redireccion_301
https://tripseuropa.com/es-cb/ofertas/black-friday,/es-cb/ofertas/black-friday,http://localhost:5000/ofertas,redireccion_301
https://tripseuropa.com/es-cb/ofertas/cyber-monday,/es-cb/ofertas/cyber-monday,http://localhost:5000/ofertas,redireccion_301
https://tripseuropa.com/es-cb/ofertas/ofertas-invierno,/es-cb/ofertas/ofertas-invierno,http://localhost:5000/ofertas,redireccion_301
https://tripseuropa.com/es-cb/ofertas/ofertas-ultima-hora,/es-cb/ofertas/ofertas-ultima-hora,http://localhost:5000/ofertas,redireccion_301
https://tripseuropa.com/es-cb/ofertas/ofertas-verano,/es-cb/ofertas/ofertas-verano,http://localhost:5000/ofertas,redireccion_301
https://tripseuropa.com/es-cb/ofertas/promociones-especiales,/es-cb/ofertas/promociones-especiales,http://localhost:5000/ofertas,redireccion_301
https://tripseuropa.com/es-cb/paquetes/capitales-europeas,/es-cb/paquetes/capitales-europeas,http://localhost:5000/paquetes,redireccion_301
https://tripseuropa.com/es-cb/paquetes/europa-10-dias,/es-cb/paquetes/europa-10-dias,http://localhost:5000/paquetes,redireccion_301
https://tripseuropa.com/es-cb/paquetes/europa-15-dias,/es-cb/paquetes/europa-15-dias,http://localhost:5000/paquetes,redireccion_301
https://tripseuropa.com/es-cb/paquetes/europa-21-dias,/es-cb/paquetes/europa-21-dias,http://localhost:5000/paquetes,redireccion_301
https://tripseuropa.com/es-cb/paquetes/europa-7-dias,/es-cb/paquetes/europa-7-dias,http://localhost:5000/paquetes,redireccion_301
https://tripseuropa.com/es-cb/paquetes/europa-clasica,/es-cb/paquetes/europa-clasica,http://localhost:5000/paquetes,redireccion_301
https://tripseuropa.com/es-cb/paquetes/europa-express,/es-cb/paquetes/europa-express,http://localhost:5000/paquetes,redireccion_301
https://tripseuropa.com/es-cb/paquetes/europa-oriental,/es-cb/paquetes/europa-oriental,http://localhost:5000/paquetes,redireccion_301
https://tripseuropa.com/es-cb/paquetes/familia-europa,/es-cb/paquetes/familia-europa,http://localhost:5000/paquetes,redireccion_301
https://tripseuropa.com/es-cb/paquetes/luna-de-miel,/es-cb/paquetes/luna-de-miel,http://localhost:5000/paquetes,redireccion_301
https://tripseuropa.com/es-cb/paquetes/norte-europa,/es-cb/paquetes/norte-europa,http://localhost:5000/paquetes,redireccion_301
https://tripseuropa.com/es-cb/paquetes/tour-mediterraeo,/es-cb/paquetes/tour-mediterraeo,http://localhost:5000/paquetes,redireccion_301
https://tripseuropa.com/es-co/destinos/albania,/es-co/destinos/albania,http://localhost:5000/destinos,redireccion_301
https://tripseuropa.com/es-co/destinos/austria,/es-co/destinos/austria,http://localhost:5000/destinos,redireccion_301
https://tripseuropa.com/es-co/destinos/baltics,/es-co/destinos/baltics,http://localhost:5000/destinos,redireccion_301
https://tripseuropa.com/es-co/destinos/belgium,/es-co/destinos/belgium,http://localhost:5000/destinos,redireccion_301
https://tripseuropa.com/es-co/destinos/croatia,/es-co/destinos/croatia,http://localhost:5000/destinos,redireccion_301
https://tripseuropa.com/es-co/destinos/cyprus,/es-co/destinos/cyprus,http://localhost:5000/destinos,redireccion_301
https://tripseuropa.com/es-co/destinos/czech-republic,/es-co/destinos/czech-republic,http://localhost:5000/destinos,redireccion_301
https://tripseuropa.com/es-co/destinos/denmark,/es-co/destinos/denmark,http://localhost:5000/destinos,redireccion_301
https://tripseuropa.com/es-co/destinos/finland,/es-co/destinos/finland,http://localhost:5000/destinos,redireccion_301
https://tripseuropa.com/es-co/destinos/france,/es-co/destinos/france,http://localhost:5000/destinos,redireccion_301
https://tripseuropa.com/es-co/destinos/germany,/es-co/destinos/germany,http://localhost:5000/destinos,redireccion_301
https://tripseuropa.com/es-co/destinos/greece,/es-co/destinos/greece,http://localhost:5000/destinos,redireccion_301
https://tripseuropa.com/es-co/destinos/hungary,/es-co/destinos/hungary,http://localhost:5000/destinos,redireccion_301
https://tripseuropa.com/es-co/destinos/iceland,/es-co/destinos/iceland,http://localhost:5000/destinos,redireccion_301
https://tripseuropa.com/es-co/destinos/ireland,/es-co/destinos/ireland,http://localhost:5000/destinos,redireccion_301
https://tripseuropa.com/es-co/destinos/italy,/es-co/destinos/italy,http://localhost:5000/destinos,redireccion_301
https://tripseuropa.com/es-co/destinos/malta,/es-co/destinos/malta,http://localhost:5000/destinos,redireccion_301
https://tripseuropa.com/es-co/destinos/netherlands,/es-co/destinos/netherlands,http://localhost:5000/destinos,redireccion_301
https://tripseuropa.com/es-co/destinos/norway,/es-co/destinos/norway,http://localhost:5000/destinos,redireccion_301
https://tripseuropa.com/es-co/destinos/poland,/es-co/destinos/poland,http://localhost:5000/destinos,redireccion_301
https://tripseuropa.com/es-co/destinos/portugal,/es-co/destinos/portugal,http://localhost:5000/destinos,redireccion_301
https://tripseuropa.com/es-co/destinos/romania,/es-co/destinos/romania,http://localhost:5000/destinos,redireccion_301
https://tripseuropa.com/es-co/destinos/scotland,/es-co/destinos/scotland,http://localhost:5000/destinos,redireccion_301
https://tripseuropa.com/es-co/destinos/spain,/es-co/destinos/spain,http://localhost:5000/destinos,redireccion_301
https://tripseuropa.com/es-co/destinos/sweden,/es-co/destinos/sweden,http://localhost:5000/destinos,redireccion_301
https://tripseuropa.com/es-co/destinos/switzerland,/es-co/destinos/switzerland,http://localhost:5000/destinos,redireccion_301
https://tripseuropa.com/es-co/destinos/united-kingdom,/es-co/destinos/united-kingdom,http://localhost:5000/destinos,redireccion_301
https://tripseuropa.com/es-co/ofertas/black-friday,/es-co/ofertas/black-friday,http://localhost:5000/ofertas,redireccion_301
https://tripseuropa.com/es-co/ofertas/cyber-monday,/es-co/ofertas/cyber-monday,http://localhost:5000/ofertas,redireccion_301
https://tripseuropa.com/es-co/ofertas/ofertas-invierno,/es-co/ofertas/ofertas-invierno,http://localhost:5000/ofertas,redireccion_301
https://tripseuropa.com/es-co/ofertas/ofertas-ultima-hora,/es-co/ofertas/ofertas-ultima-hora,http://localhost:5000/ofertas,redireccion_301
https://tripseuropa.com/es-co/ofertas/ofertas-verano,/es-co/ofertas/ofertas-verano,http://localhost:5000/ofertas,redireccion_301
https://tripseuropa.com/es-co/ofertas/promociones-especiales,/es-co/ofertas/promociones-especiales,http://localhost:5000/ofertas,redireccion_301
https://tripseuropa.com/es-cr/destinos/albania,/es-cr/destinos/albania,http://localhost:5000/destinos,redireccion_301
https://tripseuropa.com/es-cr/destinos/austria,/es-cr/destinos/austria,http://localhost:5000/destinos,redireccion_301
https://tripseuropa.com/es-cr/destinos/baltics,/es-cr/destinos/baltics,http://localhost:5000/destinos,redireccion_301
https://tripseuropa.com/es-cr/destinos/belgium,/es-cr/destinos/belgium,http://localhost:5000/destinos,redireccion_301
https://tripseuropa.com/es-cr/destinos/croatia,/es-cr/destinos/croatia,http://localhost:5000/destinos,redireccion_301
https://tripseuropa.com/es-cr/destinos/cyprus,/es-cr/destinos/cyprus,http://localhost:5000/destinos,redireccion_301
https://tripseuropa.com/es-cr/destinos/czech-republic,/es-cr/destinos/czech-republic,http://localhost:5000/destinos,redireccion_301
https://tripseuropa.com/es-cr/destinos/denmark,/es-cr/destinos/denmark,http://localhost:5000/destinos,redireccion_301
https://tripseuropa.com/es-cr/destinos/finland,/es-cr/destinos/finland,http://localhost:5000/destinos,redireccion_301
https://tripseuropa.com/es-cr/destinos/france,/es-cr/destinos/france,http://localhost:5000/destinos,redireccion_301
https://tripseuropa.com/es-cr/destinos/germany,/es-cr/destinos/germany,http://localhost:5000/destinos,redireccion_301
https://tripseuropa.com/es-cr/destinos/greece,/es-cr/destinos/greece,http://localhost:5000/destinos,redireccion_301
https://tripseuropa.com/es-cr/destinos/hungary,/es-cr/destinos/hungary,http://localhost:5000/destinos,redireccion_301
https://tripseuropa.com/es-cr/destinos/iceland,/es-cr/destinos/iceland,http://localhost:5000/destinos,redireccion_301
https://tripseuropa.com/es-cr/destinos/ireland,/es-cr/destinos/ireland,http://localhost:5000/destinos,redireccion_301
https://tripseuropa.com/es-cr/destinos/italy,/es-cr/destinos/italy,http://localhost:5000/destinos,redireccion_301
https://tripseuropa.com/es-cr/destinos/malta,/es-cr/destinos/malta,http://localhost:5000/destinos,redireccion_301
https://tripseuropa.com/es-cr/destinos/netherlands,/es-cr/destinos/netherlands,http://localhost:5000/destinos,redireccion_301
https://tripseuropa.com/es-cr/destinos/norway,/es-cr/destinos/norway,http://localhost:5000/destinos,redireccion_301
https://tripseuropa.com/es-cr/destinos/poland,/es-cr/destinos/poland,http://localhost:5000/destinos,redireccion_301
https://tripseuropa.com/es-cr/destinos/portugal,/es-cr/destinos/portugal,http://localhost:5000/destinos,redireccion_301
https://tripseuropa.com/es-cr/destinos/romania,/es-cr/destinos/romania,http://localhost:5000/destinos,redireccion_301
https://tripseuropa.com/es-cr/destinos/scotland,/es-cr/destinos/scotland,http://localhost:5000/destinos,redireccion_301
https://tripseuropa.com/es-cr/destinos/spain,/es-cr/destinos/spain,http://localhost:5000/destinos,redireccion_301
https://tripseuropa.com/es-cr/destinos/sweden,/es-cr/destinos/sweden,http://localhost:5000/destinos,redireccion_301
https://tripseuropa.com/es-cr/destinos/switzerland,/es-cr/destinos/switzerland,http://localhost:5000/destinos,redireccion_301
https://tripseuropa.com/es-cr/destinos/united-kingdom,/es-cr/destinos/united-kingdom,http://localhost:5000/destinos,redireccion_301
https://tripseuropa.com/es-cr/ofertas/black-friday,/es-cr/ofertas/black-friday,http://localhost:5000/ofertas,redireccion_301
https://tripseuropa.com/es-cr/ofertas/cyber-monday,/es-cr/ofertas/cyber-monday,http://localhost:5000/ofertas,redireccion_301
https://tripseuropa.com/es-cr/ofertas/ofertas-invierno,/es-cr/ofertas/ofertas-invierno,http://localhost:5000/ofertas,redireccion_301
https://tripseuropa.com/es-cr/ofertas/ofertas-ultima-hora,/es-cr/ofertas/ofertas-ultima-hora,http://localhost:5000/ofertas,redireccion_301
https://tripseuropa.com/es-cr/ofertas/ofertas-verano,/es-cr/ofertas/ofertas-verano,http://localhost:5000/ofertas,redireccion_301
https://tripseuropa.com/es-cr/ofertas/promociones-especiales,/es-cr/ofertas/promociones-especiales,http://localhost:5000/ofertas,redireccion_301
https://tripseuropa.com/es-do/destinos/albania,/es-do/destinos/albania,http://localhost:5000/destinos,redireccion_301
https://tripseuropa.com/es-do/destinos/austria,/es-do/destinos/austria,http://localhost:5000/destinos,redireccion_301
https://tripseuropa.com/es-do/destinos/baltics,/es-do/destinos/baltics,http://localhost:5000/destinos,redireccion_301
https://tripseuropa.com/es-do/destinos/belgium,/es-do/destinos/belgium,http://localhost:5000/destinos,redireccion_301
https://tripseuropa.com/es-do/destinos/croatia,/es-do/destinos/croatia,http://localhost:5000/destinos,redireccion_301
https://tripseuropa.com/es-do/destinos/cyprus,/es-do/destinos/cyprus,http://localhost:5000/destinos,redireccion_301
https://tripseuropa.com/es-do/destinos/czech-republic,/es-do/destinos/czech-republic,http://localhost:5000/destinos,redireccion_301
https://tripseuropa.com/es-do/destinos/denmark,/es-do/destinos/denmark,http://localhost:5000/destinos,redireccion_301
https://tripseuropa.com/es-do/destinos/finland,/es-do/destinos/finland,http://localhost:5000/destinos,redireccion_301
https://tripseuropa.com/es-do/destinos/france,/es-do/destinos/france,http://localhost:5000/destinos,redireccion_301
https://tripseuropa.com/es-do/destinos/germany,/es-do/destinos/germany,http://localhost:5000/destinos,redireccion_301
https://tripseuropa.com/es-do/destinos/greece,/es-do/destinos/greece,http://localhost:5000/destinos,redireccion_301
https://tripseuropa.com/es-do/destinos/hungary,/es-do/destinos/hungary,http://localhost:5000/destinos,redireccion_301
https://tripseuropa.com/es-do/destinos/iceland,/es-do/destinos/iceland,http://localhost:5000/destinos,redireccion_301
https://tripseuropa.com/es-do/destinos/ireland,/es-do/destinos/ireland,http://localhost:5000/destinos,redireccion_301
https://tripseuropa.com/es-do/destinos/italy,/es-do/destinos/italy,http://localhost:5000/destinos,redireccion_301
https://tripseuropa.com/es-do/destinos/malta,/es-do/destinos/malta,http://localhost:5000/destinos,redireccion_301
https://tripseuropa.com/es-do/destinos/netherlands,/es-do/destinos/netherlands,http://localhost:5000/destinos,redireccion_301
https://tripseuropa.com/es-do/destinos/norway,/es-do/destinos/norway,http://localhost:5000/destinos,redireccion_301
https://tripseuropa.com/es-do/destinos/poland,/es-do/destinos/poland,http://localhost:5000/destinos,redireccion_301
https://tripseuropa.com/es-do/destinos/portugal,/es-do/destinos/portugal,http://localhost:5000/destinos,redireccion_301
https://tripseuropa.com/es-do/destinos/romania,/es-do/destinos/romania,http://localhost:5000/destinos,redireccion_301
https://tripseuropa.com/es-do/destinos/scotland,/es-do/destinos/scotland,http://localhost:5000/destinos,redireccion_301
https://tripseuropa.com/es-do/destinos/spain,/es-do/destinos/spain,http://localhost:5000/destinos,redireccion_301
https://tripseuropa.com/es-do/destinos/sweden,/es-do/destinos/sweden,http://localhost:5000/destinos,redireccion_301
https://tripseuropa.com/es-do/destinos/switzerland,/es-do/destinos/switzerland,http://localhost:5000/destinos,redireccion_301
https://tripseuropa.com/es-do/destinos/united-kingdom,/es-do/destinos/united-kingdom,http://localhost:5000/destinos,redireccion_301
https://tripseuropa.com/es-do/ofertas/black-friday,/es-do/ofertas/black-friday,http://localhost:5000/ofertas,redireccion_301
https://tripseuropa.com/es-do/ofertas/cyber-monday,/es-do/ofertas/cyber-monday,http://localhost:5000/ofertas,redireccion_301
https://tripseuropa.com/es-do/ofertas/ofertas-invierno,/es-do/ofertas/ofertas-invierno,http://localhost:5000/ofertas,redireccion_301
https://tripseuropa.com/es-do/ofertas/ofertas-ultima-hora,/es-do/ofertas/ofertas-ultima-hora,http://localhost:5000/ofertas,redireccion_301
https://tripseuropa.com/es-do/ofertas/ofertas-verano,/es-do/ofertas/ofertas-verano,http://localhost:5000/ofertas,redireccion_301
https://tripseuropa.com/es-do/ofertas/promociones-especiales,/es-do/ofertas/promociones-especiales,http://localhost:5000/ofertas,redireccion_301
https://tripseuropa.com/es-mx/destinos/albania,/es-mx/destinos/albania,http://localhost:5000/destinos,redireccion_301
https://tripseuropa.com/es-mx/destinos/austria,/es-mx/destinos/austria,http://localhost:5000/destinos,redireccion_301
https://tripseuropa.com/es-mx/destinos/baltics,/es-mx/destinos/baltics,http://localhost:5000/destinos,redireccion_301
https://tripseuropa.com/es-mx/destinos/belgium,/es-mx/destinos/belgium,http://localhost:5000/destinos,redireccion_301
https://tripseuropa.com/es-mx/destinos/croatia,/es-mx/destinos/croatia,http://localhost:5000/destinos,redireccion_301
https://tripseuropa.com/es-mx/destinos/cyprus,/es-mx/destinos/cyprus,http://localhost:5000/destinos,redireccion_301
https://tripseuropa.com/es-mx/destinos/czech-republic,/es-mx/destinos/czech-republic,http://localhost:5000/destinos,redireccion_301
https://tripseuropa.com/es-mx/destinos/denmark,/es-mx/destinos/denmark,http://localhost:5000/destinos,redireccion_301
https://tripseuropa.com/es-mx/destinos/finland,/es-mx/destinos/finland,http://localhost:5000/destinos,redireccion_301
https://tripseuropa.com/es-mx/destinos/france,/es-mx/destinos/france,http://localhost:5000/destinos,redireccion_301
https://tripseuropa.com/es-mx/destinos/germany,/es-mx/destinos/germany,http://localhost:5000/destinos,redireccion_301
https://tripseuropa.com/es-mx/destinos/greece,/es-mx/destinos/greece,http://localhost:5000/destinos,redireccion_301
https://tripseuropa.com/es-mx/destinos/hungary,/es-mx/destinos/hungary,http://localhost:5000/destinos,redireccion_301
https://tripseuropa.com/es-mx/destinos/iceland,/es-mx/destinos/iceland,http://localhost:5000/destinos,redireccion_301
https://tripseuropa.com/es-mx/destinos/ireland,/es-mx/destinos/ireland,http://localhost:5000/destinos,redireccion_301
https://tripseuropa.com/es-mx/destinos/italy,/es-mx/destinos/italy,http://localhost:5000/destinos,redireccion_301
https://tripseuropa.com/es-mx/destinos/malta,/es-mx/destinos/malta,http://localhost:5000/destinos,redireccion_301
https://tripseuropa.com/es-mx/destinos/netherlands,/es-mx/destinos/netherlands,http://localhost:5000/destinos,redireccion_301
https://tripseuropa.com/es-mx/destinos/norway,/es-mx/destinos/norway,http://localhost:5000/destinos,redireccion_301
https://tripseuropa.com/es-mx/destinos/poland,/es-mx/destinos/poland,http://localhost:5000/destinos,redireccion_301
https://tripseuropa.com/es-mx/destinos/portugal,/es-mx/destinos/portugal,http://localhost:5000/destinos,redireccion_301
https://tripseuropa.com/es-mx/destinos/romania,/es-mx/destinos/romania,http://localhost:5000/destinos,redireccion_301
https://tripseuropa.com/es-mx/destinos/scotland,/es-mx/destinos/scotland,http://localhost:5000/destinos,redireccion_301
https://tripseuropa.com/es-mx/destinos/spain,/es-mx/destinos/spain,http://localhost:5000/destinos,redireccion_301
https://tripseuropa.com/es-mx/destinos/sweden,/es-mx/destinos/sweden,http://localhost:5000/destinos,redireccion_301
https://tripseuropa.com/es-mx/destinos/switzerland,/es-mx/destinos/switzerland,http://localhost:5000/destinos,redireccion_301
https://tripseuropa.com/es-mx/destinos/united-kingdom,/es-mx/destinos/united-kingdom,http://localhost:5000/destinos,redireccion_301
https://tripseuropa.com/es-mx/ofertas/black-friday,/es-mx/ofertas/black-friday,http://localhost:5000/ofertas,redireccion_301
https://tripseuropa.com/es-mx/ofertas/cyber-monday,/es-mx/ofertas/cyber-monday,http://localhost:5000/ofertas,redireccion_301
https://tripseuropa.com/es-mx/ofertas/ofertas-invierno,/es-mx/ofertas/ofertas-invierno,http://localhost:5000/ofertas,redireccion_301
https://tripseuropa.com/es-mx/ofertas/ofertas-ultima-hora,/es-mx/ofertas/ofertas-ultima-hora,http://localhost:5000/ofertas,redireccion_301
https://tripseuropa.com/es-mx/ofertas/ofertas-verano,/es-mx/ofertas/ofertas-verano,http://localhost:5000/ofertas,redireccion_301
https://tripseuropa.com/es-mx/ofertas/promociones-especiales,/es-mx/ofertas/promociones-especiales,http://localhost:5000/ofertas,redireccion_301
https://tripseuropa.com/es-pa/destinos/albania,/es-pa/destinos/albania,http://localhost:5000/destinos,redireccion_301
https://tripseuropa.com/es-pa/destinos/austria,/es-pa/destinos/austria,http://localhost:5000/destinos,redireccion_301
https://tripseuropa.com/es-pa/destinos/baltics,/es-pa/destinos/baltics,http://localhost:5000/destinos,redireccion_301
https://tripseuropa.com/es-pa/destinos/belgium,/es-pa/destinos/belgium,http://localhost:5000/destinos,redireccion_301
https://tripseuropa.com/es-pa/destinos/croatia,/es-pa/destinos/croatia,http://localhost:5000/destinos,redireccion_301
https://tripseuropa.com/es-pa/destinos/cyprus,/es-pa/destinos/cyprus,http://localhost:5000/destinos,redireccion_301
https://tripseuropa.com/es-pa/destinos/czech-republic,/es-pa/destinos/czech-republic,http://localhost:5000/destinos,redireccion_301
https://tripseuropa.com/es-pa/destinos/denmark,/es-pa/destinos/denmark,http://localhost:5000/destinos,redireccion_301
https://tripseuropa.com/es-pa/destinos/finland,/es-pa/destinos/finland,http://localhost:5000/destinos,redireccion_301
https://tripseuropa.com/es-pa/destinos/france,/es-pa/destinos/france,http://localhost:5000/destinos,redireccion_301
https://tripseuropa.com/es-pa/destinos/germany,/es-pa/destinos/germany,http://localhost:5000/destinos,redireccion_301
https://tripseuropa.com/es-pa/destinos/greece,/es-pa/destinos/greece,http://localhost:5000/destinos,redireccion_301
https://tripseuropa.com/es-pa/destinos/hungary,/es-pa/destinos/hungary,http://localhost:5000/destinos,redireccion_301
https://tripseuropa.com/es-pa/destinos/iceland,/es-pa/destinos/iceland,http://localhost:5000/destinos,redireccion_301
https://tripseuropa.com/es-pa/destinos/ireland,/es-pa/destinos/ireland,http://localhost:5000/destinos,redireccion_301
https://tripseuropa.com/es-pa/destinos/italy,/es-pa/destinos/italy,http://localhost:5000/destinos,redireccion_301
https://tripseuropa.com/es-pa/destinos/malta,/es-pa/destinos/malta,http://localhost:5000/destinos,redireccion_301
https://tripseuropa.com/es-pa/destinos/netherlands,/es-pa/destinos/netherlands,http://localhost:5000/destinos,redireccion_301
https://tripseuropa.com/es-pa/destinos/norway,/es-pa/destinos/norway,http://localhost:5000/destinos,redireccion_301
https://tripseuropa.com/es-pa/destinos/poland,/es-pa/destinos/poland,http://localhost:5000/destinos,redireccion_301
https://tripseuropa.com/es-pa/destinos/portugal,/es-pa/destinos/portugal,http://localhost:5000/destinos,redireccion_301
https://tripseuropa.com/es-pa/destinos/romania,/es-pa/destinos/romania,http://localhost:5000/destinos,redireccion_301
https://tripseuropa.com/es-pa/destinos/scotland,/es-pa/destinos/scotland,http://localhost:5000/destinos,redireccion_301
https://tripseuropa.com/es-pa/destinos/spain,/es-pa/destinos/spain,http://localhost:5000/destinos,redireccion_301
https://tripseuropa.com/es-pa/destinos/sweden,/es-pa/destinos/sweden,http://localhost:5000/destinos,redireccion_301
https://tripseuropa.com/es-pa/destinos/switzerland,/es-pa/destinos/switzerland,http://localhost:5000/destinos,redireccion_301
https://tripseuropa.com/es-pa/destinos/united-kingdom,/es-pa/destinos/united-kingdom,http://localhost:5000/destinos,redireccion_301
https://tripseuropa.com/es-pa/ofertas/black-friday,/es-pa/ofertas/black-friday,http://localhost:5000/ofertas,redireccion_301
https://tripseuropa.com/es-pa/ofertas/cyber-monday,/es-pa/ofertas/cyber-monday,http://localhost:5000/ofertas,redireccion_301
https://tripseuropa.com/es-pa/ofertas/ofertas-invierno,/es-pa/ofertas/ofertas-invierno,http://localhost:5000/ofertas,redireccion_301
https://tripseuropa.com/es-pa/ofertas/ofertas-ultima-hora,/es-pa/ofertas/ofertas-ultima-hora,http://localhost:5000/ofertas,redireccion_301
https://tripseuropa.com/es-pa/ofertas/ofertas-verano,/es-pa/ofertas/ofertas-verano,http://localhost:5000/ofertas,redireccion_301
https://tripseuropa.com/es-pa/ofertas/promociones-especiales,/es-pa/ofertas/promociones-especiales,http://localhost:5000/ofertas,redireccion_301
https://tripseuropa.com/es-pe/destinos/albania,/es-pe/destinos/albania,http://localhost:5000/destinos,redireccion_301
https://tripseuropa.com/es-pe/destinos/austria,/es-pe/destinos/austria,http://localhost:5000/destinos,redireccion_301
https://tripseuropa.com/es-pe/destinos/baltics,/es-pe/destinos/baltics,http://localhost:5000/destinos,redireccion_301
https://tripseuropa.com/es-pe/destinos/belgium,/es-pe/destinos/belgium,http://localhost:5000/destinos,redireccion_301
https://tripseuropa.com/es-pe/destinos/croatia,/es-pe/destinos/croatia,http://localhost:5000/destinos,redireccion_301
https://tripseuropa.com/es-pe/destinos/cyprus,/es-pe/destinos/cyprus,http://localhost:5000/destinos,redireccion_301
https://tripseuropa.com/es-pe/destinos/czech-republic,/es-pe/destinos/czech-republic,http://localhost:5000/destinos,redireccion_301
https://tripseuropa.com/es-pe/destinos/denmark,/es-pe/destinos/denmark,http://localhost:5000/destinos,redireccion_301
https://tripseuropa.com/es-pe/destinos/finland,/es-pe/destinos/finland,http://localhost:5000/destinos,redireccion_301
https://tripseuropa.com/es-pe/destinos/france,/es-pe/destinos/france,http://localhost:5000/destinos,redireccion_301
https://tripseuropa.com/es-pe/destinos/germany,/es-pe/destinos/germany,http://localhost:5000/destinos,redireccion_301
https://tripseuropa.com/es-pe/destinos/greece,/es-pe/destinos/greece,http://localhost:5000/destinos,redireccion_301
https://tripseuropa.com/es-pe/destinos/hungary,/es-pe/destinos/hungary,http://localhost:5000/destinos,redireccion_301
https://tripseuropa.com/es-pe/destinos/iceland,/es-pe/destinos/iceland,http://localhost:5000/destinos,redireccion_301
https://tripseuropa.com/es-pe/destinos/ireland,/es-pe/destinos/ireland,http://localhost:5000/destinos,redireccion_301
https://tripseuropa.com/es-pe/destinos/italy,/es-pe/destinos/italy,http://localhost:5000/destinos,redireccion_301
https://tripseuropa.com/es-pe/destinos/malta,/es-pe/destinos/malta,http://localhost:5000/destinos,redireccion_301
https://tripseuropa.com/es-pe/destinos/netherlands,/es-pe/destinos/netherlands,http://localhost:5000/destinos,redireccion_301
https://tripseuropa.com/es-pe/destinos/norway,/es-pe/destinos/norway,http://localhost:5000/destinos,redireccion_301
https://tripseuropa.com/es-pe/destinos/poland,/es-pe/destinos/poland,http://localhost:5000/destinos,redireccion_301
https://tripseuropa.com/es-pe/destinos/portugal,/es-pe/destinos/portugal,http://localhost:5000/destinos,redireccion_301
https://tripseuropa.com/es-pe/destinos/romania,/es-pe/destinos/romania,http://localhost:5000/destinos,redireccion_301
https://tripseuropa.com/es-pe/destinos/scotland,/es-pe/destinos/scotland,http://localhost:5000/destinos,redireccion_301
https://tripseuropa.com/es-pe/destinos/spain,/es-pe/destinos/spain,http://localhost:5000/destinos,redireccion_301
https://tripseuropa.com/es-pe/destinos/sweden,/es-pe/destinos/sweden,http://localhost:5000/destinos,redireccion_301
https://tripseuropa.com/es-pe/destinos/switzerland,/es-pe/destinos/switzerland,http://localhost:5000/destinos,redireccion_301
https://tripseuropa.com/es-pe/destinos/united-kingdom,/es-pe/destinos/united-kingdom,http://localhost:5000/destinos,redireccion_301
https://tripseuropa.com/es-pe/ofertas/black-friday,/es-pe/ofertas/black-friday,http://localhost:5000/ofertas,redireccion_301
https://tripseuropa.com/es-pe/ofertas/cyber-monday,/es-pe/ofertas/cyber-monday,http://localhost:5000/ofertas,redireccion_301
https://tripseuropa.com/es-pe/ofertas/ofertas-invierno,/es-pe/ofertas/ofertas-invierno,http://localhost:5000/ofertas,redireccion_301
https://tripseuropa.com/es-pe/ofertas/ofertas-ultima-hora,/es-pe/ofertas/ofertas-ultima-hora,http://localhost:5000/ofertas,redireccion_301
https://tripseuropa.com/es-pe/ofertas/ofertas-verano,/es-pe/ofertas/ofertas-verano,http://localhost:5000/ofertas,redireccion_301
https://tripseuropa.com/es-pe/ofertas/promociones-especiales,/es-pe/ofertas/promociones-especiales,http://localhost:5000/ofertas,redireccion_301
https://tripseuropa.com/last-minute,/last-minute,http://localhost:5000/,corregir_en_sitemap
https://tripseuropa.com/mexico,/mexico,http://localhost:5000/,corregir_en_sitemap
https://tripseuropa.com/ofertas/black-friday,/ofertas/black-friday,http://localhost:5000/ofertas,redireccion_301
https://tripseuropa.com/ofertas/cyber-monday,/ofertas/cyber-monday,http://localhost:5000/ofertas,redireccion_301
https://tripseuropa.com/ofertas/ofertas-invierno,/ofertas/ofertas-invierno,http://localhost:5000/ofertas,redireccion_301
https://tripseuropa.com/ofertas/ofertas-ultima-hora,/ofertas/ofertas-ultima-hora,http://localhost:5000/ofertas,redireccion_301
https://tripseuropa.com/ofertas/ofertas-verano,/ofertas/ofertas-verano,http://localhost:5000/ofertas,redireccion_301
https://tripseuropa.com/ofertas/promociones-especiales,/ofertas/promociones-especiales,http://localhost:5000/ofertas,redireccion_301
https://tripseuropa.com/package/alpine-adventure,/package/alpine-adventure,http://localhost:5000/,corregir_en_sitemap
https://tripseuropa.com/package/best-of-europe,/package/best-of-europe,http://localhost:5000/,corregir_en_sitemap
https://tripseuropa.com/package/capitales-europeas,/package/capitales-europeas,http://localhost:5000/,corregir_en_sitemap
https://tripseuropa.com/package/eastern-europe,/package/eastern-europe,http://localhost:5000/,corregir_en_sitemap
https://tripseuropa.com/package/europa-10-dias,/package/europa-10-dias,http://localhost:5000/,corregir_en_sitemap
https://tripseuropa.com/package/greek-islands,/package/greek-islands,http://localhost:5000/,corregir_en_sitemap
https://tripseuropa.com/package/iberian-explorer,/package/iberian-explorer,http://localhost:5000/,corregir_en_sitemap
https://tripseuropa.com/package/mediterranean-delight,/package/mediterranean-delight,http://localhost:5000/,corregir_en_sitemap
https://tripseuropa.com/package/northern-lights,/package/northern-lights,http://localhost:5000/,corregir_en_sitemap
https://tripseuropa.com/panama,/panama,http://localhost:5000/,corregir_en_sitemap
https://tripseuropa.com/peru,/peru,http://localhost:5000/,corregir_en_sitemap
https://tripseuropa.com/pt-br/assistente,/pt-br/assistente,http://localhost:5000/,corregir_en_sitemap
https://tripseuropa.com/pt-br/contato,/pt-br/contato,http://localhost:5000/,corregir_en_sitemap
https://tripseuropa.com/pt-br/destinations/croatia,/pt-br/destinations/croatia,http://localhost:5000/destinos,redireccion_301
https://tripseuropa.com/pt-br/destinations/france,/pt-br/destinations/france,http://localhost:5000/destinos,redireccion_301
https://tripseuropa.com/pt-br/destinations/germany,/pt-br/destinations/germany,http://localhost:5000/destinos,redireccion_301
https://tripseuropa.com/pt-br/destinations/greece,/pt-br/destinations/greece,http://localhost:5000/destinos,redireccion_301
https://tripseuropa.com/pt-br/destinations/italy,/pt-br/destinations/italy,http://localhost:5000/destinos,redireccion_301
https://tripseuropa.com/pt-br/destinations/netherlands,/pt-br/destinations/netherlands,http://localhost:5000/destinos,redireccion_301
https://tripseuropa.com/pt-br/destinations/portugal,/pt-br/destinations/portugal,http://localhost:5000/destinos,redireccion_301
https://tripseuropa.com/pt-br/destinations/spain,/pt-br/destinations/spain,http://localhost:5000/destinos,redireccion_301
https://tripseuropa.com/pt-br/destinations/switzerland,/pt-br/destinations/switzerland,http://localhost:5000/destinos,redireccion_301
https://tripseuropa.com/pt-br/destinations/united-kingdom,/pt-br/destinations/united-kingdom,http://localhost:5000/destinos,redireccion_301
https://tripseuropa.com/pt-br/destinos/albania,/pt-br/destinos/albania,http://localhost:5000/destinos,redireccion_301
https://tripseuropa.com/pt-br/destinos/amsterdam,/pt-br/destinos/amsterdam,http://localhost:5000/destinos,redireccion_301
https://tripseuropa.com/pt-br/destinos/atenas,/pt-br/destinos/atenas,http://localhost:5000/destinos,redireccion_301
https://tripseuropa.com/pt-br/destinos/austria,/pt-br/destinos/austria,http://localhost:5000/destinos,redireccion_301
https://tripseuropa.com/pt-br/destinos/baltics,/pt-br/destinos/baltics,http://localhost:5000/destinos,redireccion_301
https://tripseuropa.com/pt-br/destinos/barcelona,/pt-br/destinos/barcelona,http://localhost:5000/destinos,redireccion_301
https://tripseuropa.com/pt-br/destinos/belgium,/pt-br/destinos/belgium,http://localhost:5000/destinos,redireccion_301
https://tripseuropa.com/pt-br/destinos/berlin,/pt-br/destinos/berlin,http://localhost:5000/destinos,redireccion_301
https://tripseuropa.com/pt-br/destinos/bruselas,/pt-br/destinos/bruselas,http://localhost:5000/destinos,redireccion_301
https://tripseuropa.com/pt-br/destinos/budapest,/pt-br/destinos/budapest,http://localhost:5000/destinos,redireccion_301
https://tripseuropa.com/pt-br/destinos/cinque-terre,/pt-br/destinos/cinque-terre,http://localhost:5000/destinos,redireccion_301
https://tripseuropa.com/pt-br/destinos/copenhague,/pt-br/destinos/copenhague,http://localhost:5000/destinos,redireccion_301
https://tripseuropa.com/pt-br/destinos/costa-amalfitana,/pt-br/destinos/costa-amalfitana,http://localhost:5000/destinos,redireccion_301
https://tripseuropa.com/pt-br/destinos/croatia,/pt-br/destinos/croatia,http://localhost:5000/destinos,redireccion_301
https://tripseuropa.com/pt-br/destinos/cyprus,/pt-br/destinos/cyprus,http://localhost:5000/destinos,redireccion_301
https://tripseuropa.com/pt-br/destinos/czech-republic,/pt-br/destinos/czech-republic,http://localhost:5000/destinos,redireccion_301
https://tripseuropa.com/pt-br/destinos/denmark,/pt-br/destinos/denmark,http://localhost:5000/destinos,redireccion_301
https://tripseuropa.com/pt-br/destinos/dublin,/pt-br/destinos/dublin,http://localhost:5000/destinos,redireccion_301
https://tripseuropa.com/pt-br/destinos/dubrovnik,/pt-br/destinos/dubrovnik,http://localhost:5000/destinos,redireccion_301
https://tripseuropa.com/pt-br/destinos/edimburgo,/pt-br/destinos/edimburgo,http://localhost:5000/destinos,redireccion_301
https://tripseuropa.com/pt-br/destinos/estocolmo,/pt-br/destinos/estocolmo,http://localhost:5000/destinos,redireccion_301
https://tripseuropa.com/pt-br/destinos/finland,/pt-br/destinos/finland,http://localhost:5000/destinos,redireccion_301
https://tripseuropa.com/pt-br/destinos/florencia,/pt-br/destinos/florencia,http://localhost:5000/destinos,redireccion_301
https://tripseuropa.com/pt-br/destinos/france,/pt-br/destinos/france,http://localhost:5000/destinos,redireccion_301
https://tripseuropa.com/pt-br/destinos/germany,/pt-br/destinos/germany,http://localhost:5000/destinos,redireccion_301
https://tripseuropa.com/pt-br/destinos/greece,/pt-br/destinos/greece,http://localhost:5000/destinos,redireccion_301
https://tripseuropa.com/pt-br/destinos/helsinki,/pt-br/destinos/helsinki,http://localhost:5000/destinos,redireccion_301
https://tripseuropa.com/pt-br/destinos/hungary,/pt-br/destinos/hungary,http://localhost:5000/destinos,redireccion_301
https://tripseuropa.com/pt-br/destinos/ibiza,/pt-br/destinos/ibiza,http://localhost:5000/destinos,redireccion_301
https://tripseuropa.com/pt-br/destinos/iceland,/pt-br/destinos/iceland,http://localhost:5000/destinos,redireccion_301
https://tripseuropa.com/pt-br/destinos/ireland,/pt-br/destinos/ireland,http://localhost:5000/destinos,redireccion_301
https://tripseuropa.com/pt-br/destinos/italy,/pt-br/destinos/italy,http://localhost:5000/destinos,redireccion_301
https://tripseuropa.com/pt-br/destinos/lisboa,/pt-br/destinos/lisboa,http://localhost:5000/destinos,redireccion_301
https://tripseuropa.com/pt-br/destinos/londres,/pt-br/destinos/londres,http://localhost:5000/destinos,redireccion_301
https://tripseuropa.com/pt-br/destinos/madrid,/pt-br/destinos/madrid,http://localhost:5000/destinos,redireccion_301
https://tripseuropa.com/pt-br/destinos/malta,/pt-br/destinos/malta,http://localhost:5000/destinos,redireccion_301
https://tripseuropa.com/pt-br/destinos/milan,/pt-br/destinos/milan,http://localhost:5000/destinos,redireccion_301
https://tripseuropa.com/pt-br/destinos/munich,/pt-br/destinos/munich,http://localhost:5000/destinos,redireccion_301
https://tripseuropa.com/pt-br/destinos/mykonos,/pt-br/destinos/mykonos,http://localhost:5000/destinos,redireccion_301
https://tripseuropa.com/pt-br/destinos/netherlands,/pt-br/destinos/netherlands,http://localhost:5000/destinos,redireccion_301
https://tripseuropa.com/pt-br/destinos/niza,/pt-br/destinos/niza,http://localhost:5000/destinos,redireccion_301
https://tripseuropa.com/pt-br/destinos/norway,/pt-br/destinos/norway,http://localhost:5000/destinos,redireccion_301
https://tripseuropa.com/pt-br/destinos/oslo,/pt-br/destinos/oslo,http://localhost:5000/destinos,redireccion_301
https://tripseuropa.com/pt-br/destinos/paris,/pt-br/destinos/paris,http://localhost:5000/destinos,redireccion_301
https://tripseuropa.com/pt-br/destinos/poland,/pt-br/destinos/poland,http://localhost:5000/destinos,redireccion_301
https://tripseuropa.com/pt-br/destinos/porto,/pt-br/destinos/porto,http://localhost:5000/destinos,redireccion_301
https://tripseuropa.com/pt-br/destinos/portugal,/pt-br/destinos/portugal,http://localhost:5000/destinos,redireccion_301
https://tripseuropa.com/pt-br/destinos/praga,/pt-br/destinos/praga,http://localhost:5000/destinos,redireccion_301
https://tripseuropa.com/pt-br/destinos/reykjavik,/pt-br/destinos/reykjavik,http://localhost:5000/destinos,redireccion_301
https://tripseuropa.com/pt-br/destinos/roma,/pt-br/destinos/roma,http://localhost:5000/destinos,redireccion_301
https://tripseuropa.com/pt-br/destinos/romania,/pt-br/destinos/romania,http://localhost:5000/destinos,redireccion_301
https://tripseuropa.com/pt-br/destinos/santorini,/pt-br/destinos/santorini,http://localhost:5000/destinos,redireccion_301
https://tripseuropa.com/pt-br/destinos/scotland,/pt-br/destinos/scotland,http://localhost:5000/destinos,redireccion_301
https://tripseuropa.com/pt-br/destinos/sevilla,/pt-br/destinos/sevilla,http://localhost:5000/destinos,redireccion_301
https://tripseuropa.com/pt-br/destinos/spain,/pt-br/destinos/spain,http://localhost:5000/destinos,redireccion_301
https://tripseuropa.com/pt-br/destinos/split,/pt-br/destinos/split,http://localhost:5000/destinos,redireccion_301
https://tripseuropa.com/pt-br/destinos/sweden,/pt-br/destinos/sweden,http://localhost:5000/destinos,redireccion_301
https://tripseuropa.com/pt-br/destinos/switzerland,/pt-br/destinos/switzerland,http://localhost:5000/destinos,redireccion_301
https://tripseuropa.com/pt-br/destinos/united-kingdom,/pt-br/destinos/united-kingdom,http://localhost:5000/destinos,redireccion_301
https://tripseuropa.com/pt-br/destinos/varsovia,/pt-br/destinos/varsovia,http://localhost:5000/destinos,redireccion_301
https://tripseuropa.com/pt-br/destinos/venecia,/pt-br/destinos/venecia,http://localhost:5000/destinos,redireccion_301
https://tripseuropa.com/pt-br/destinos/viena,/pt-br/destinos/viena,http://localhost:5000/destinos,redireccion_301
https://tripseuropa.com/pt-br/destinos/zurich,/pt-br/destinos/zurich,http://localhost:5000/destinos,redireccion_301
https://tripseuropa.com/pt-br/ferias-europa,/pt-br/ferias-europa,http://localhost:5000/,corregir_en_sitemap
https://tripseuropa.com/pt-br/last-minute,/pt-br/last-minute,http://localhost:5000/,corregir_en_sitemap
https://tripseuropa.com/pt-br/ofertas/black-friday,/pt-br/ofertas/black-friday,http://localhost:5000/ofertas,redireccion_301
https://tripseuropa.com/pt-br/ofertas/cyber-monday,/pt-br/ofertas/cyber-monday,http://localhost:5000/ofertas,redireccion_301
https://tripseuropa.com/pt-br/ofertas/ofertas-invierno,/pt-br/ofertas/ofertas-invierno,http://localhost:5000/ofertas,redireccion_301
https://tripseuropa.com/pt-br/ofertas/ofertas-ultima-hora,/pt-br/ofertas/ofertas-ultima-hora,http://localhost:5000/ofertas,redireccion_301
https://tripseuropa.com/pt-br/ofertas/ofertas-verano,/pt-br/ofertas/ofertas-verano,http://localhost:5000/ofertas,redireccion_301
https://tripseuropa.com/pt-br/ofertas/promociones-especiales,/pt-br/ofertas/promociones-especiales,http://localhost:5000/ofertas,redireccion_301
https://tripseuropa.com/pt-br/pacotes/capitales-europeas,/pt-br/pacotes/capitales-europeas,http://localhost:5000/,corregir_en_sitemap
https://tripseuropa.com/pt-br/pacotes/europa-10-dias,/pt-br/pacotes/europa-10-dias,http://localhost:5000/,corregir_en_sitemap
https://tripseuropa.com/pt-br/pacotes/europa-15-dias,/pt-br/pacotes/europa-15-dias,http://localhost:5000/,corregir_en_sitemap
https://tripseuropa.com/pt-br/pacotes/europa-21-dias,/pt-br/pacotes/europa-21-dias,http://localhost:5000/,corregir_en_sitemap
https://tripseuropa.com/pt-br/pacotes/europa-7-dias,/pt-br/pacotes/europa-7-dias,http://localhost:5000/,corregir_en_sitemap
https://tripseuropa.com/pt-br/pacotes/europa-clasica,/pt-br/pacotes/europa-clasica,http://localhost:5000/,corregir_en_sitemap
https://tripseuropa.com/pt-br/pacotes/europa-express,/pt-br/pacotes/europa-express,http://localhost:5000/,corregir_en_sitemap
https://tripseuropa.com/pt-br/pacotes/europa-oriental,/pt-br/pacotes/europa-oriental,http://localhost:5000/,corregir_en_sitemap
https://tripseuropa.com/pt-br/pacotes/familia-europa,/pt-br/pacotes/familia-europa,http://localhost:5000/,corregir_en_sitemap
https://tripseuropa.com/pt-br/pacotes/luna-de-miel,/pt-br/pacotes/luna-de-miel,http://localhost:5000/,corregir_en_sitemap
https://tripseuropa.com/pt-br/pacotes/norte-europa,/pt-br/pacotes/norte-europa,http://localhost:5000/,corregir_en_sitemap
https://tripseuropa.com/pt-br/pacotes/tour-mediterraeo,/pt-br/pacotes/tour-mediterraeo,http://localhost:5000/,corregir_en_sitemap
https://tripseuropa.com/pt-br/sobre,/pt-br/sobre,http://localhost:5000/,corregir_en_sitemap
https://tripseuropa.com/travel-style/aventura,/travel-style/aventura,http://localhost:5000/,corregir_en_sitemap
https://tripseuropa.com/travel-style/familia,/travel-style/familia,http://localhost:5000/,corregir_en_sitemap
https://tripseuropa.com/travel-style/grupos,/travel-style/grupos,http://localhost:5000/,corregir_en_sitemap
https://tripseuropa.com/travel-style/invierno,/travel-style/invierno,http://localhost:5000/,corregir_en_sitemap
https://tripseuropa.com/travel-style/lujo,/travel-style/lujo,http://localhost:5000/,corregir_en_sitemap
https://tripseuropa.com/travel-style/otono,/travel-style/otono,http://localhost:5000/,corregir_en_sitemap
https://tripseuropa.com/travel-style/parejas,/travel-style/parejas,http://localhost:5000/,corregir_en_sitemap
https://tripseuropa.com/travel-style/presupuesto,/travel-style/presupuesto,http://localhost:5000/,corregir_en_sitemap
https://tripseuropa.com/travel-style/primavera,/travel-style/primavera,http://localhost:5000/,corregir_en_sitemap
https://tripseuropa.com/travel-style/romantico,/travel-style/romantico,http://localhost:5000/,corregir_en_sitemap
https://tripseuropa.com/travel-style/solos,/travel-style/solos,http://localhost:5000/,corregir_en_sitemap
https://tripseuropa.com/travel-style/tercera-edad,/travel-style/tercera-edad,http://localhost:5000/,corregir_en_sitemap
https://tripseuropa.com/travel-style/verano,/travel-style/verano,http://localhost:5000/,corregir_en_sitemap
https://tripseuropa.com/venezuela,/venezuela,http://localhost:5000/,corregir_en_sitemap
